{
  "objects": [
    {
      "qualifier": "GENCDB0",
      "name": "GENCDB0",
      "type": "DB",
      "uri": "DB/GENCDB0.sql"
    },
    {
      "qualifier": "GENCDB0",
      "name": "GENCTS01",
      "type": "TS",
      "uri": "TS/GENCTS01.sql"
    },
    {
      "qualifier": "GENCDB0",
      "name": "GENCTS02",
      "type": "TS",
      "uri": "TS/GENCTS02.sql"
    },
    {
      "qualifier": "GENCDB0",
      "name": "GENCTS03",
      "type": "TS",
      "uri": "TS/GENCTS03.sql"
    },
    {
      "qualifier": "GENCDB0",
      "name": "GENCTS04",
      "type": "TS",
      "uri": "TS/GENCTS04.sql"
    },
    {
      "qualifier": "GENCDB0",
      "name": "GENCTS05",
      "type": "TS",
      "uri": "TS/GENCTS05.sql"
    },
    {
      "qualifier": "GENCDB0",
      "name": "GENCTS06",
      "type": "TS",
      "uri": "TS/GENCTS06.sql"
    },
    {
      "qualifier": "GENCDB0",
      "name": "GENCTS07",
      "type": "TS",
      "uri": "TS/GENCTS07.sql"
    },
    {
      "qualifier": "GENCDB0",
      "name": "GENCTS08",
      "type": "TS",
      "uri": "TS/GENCTS08.sql"
    },
    {
      "qualifier": "GENCDB0",
      "name": "GENCTS09",
      "type": "TS",
      "uri": "TS/GENCTS09.sql"
    },
    {
      "qualifier": "GENCDB0",
      "name": "CLAIM",
      "type": "TB",
      "uri": "TB/CLAIM.sql"
    },
    {
      "qualifier": "GENCDB0",
      "name": "COMMERCIAL",
      "type": "TB",
      "uri": "TB/COMMERCIAL.sql"
    },
    {
      "qualifier": "GENCDB0",
      "name": "CUSTOMER_SECURE",
      "type": "TB",
      "uri": "TB/CUSTOMER_SECURE.sql"
    },
    {
      "qualifier": "GENCDB0",
      "name": "CUSTOMER",
      "type": "TB",
      "uri": "TB/CUSTOMER.sql"
    },
    {
      "qualifier": "GENCDB0",
      "name": "ENDOWMENT",
      "type": "TB",
      "uri": "TB/ENDOWMENT.sql"
    },
    {
      "qualifier": "GENCDB0",
      "name": "HOUSE",
      "type": "TB",
      "uri": "TB/HOUSE.sql"
    },
    {
      "qualifier": "GENCDB0",
      "name": "MOTOR",
      "type": "TB",
      "uri": "TB/MOTOR.sql"
    },
    {
      "qualifier": "GENCDB0",
      "name": "PET",
      "type": "TB",
      "uri": "TB/PET.sql"
    },
    {
      "qualifier": "GENCDB0",
      "name": "POLICY",
      "type": "TB",
      "uri": "TB/POLICY.sql"
    },
    {
      "qualifier": "GENCDB0",
      "name": "ICLAIM",
      "type": "IX",
      "uri": "IX/ICLAIM.sql"
    },
    {
      "qualifier": "GENCDB0",
      "name": "ICOMMERCIAL",
      "type": "IX",
      "uri": "IX/ICOMMERCIAL.sql"
    },
    {
      "qualifier": "GENCDB0",
      "name": "ICUSTOMER_SECURE",
      "type": "IX",
      "uri": "IX/ICUSTOMER_SECURE.sql"
    },
    {
      "qualifier": "GENCDB0",
      "name": "ICUSTOMER",
      "type": "IX",
      "uri": "IX/ICUSTOMER.sql"
    },
    {
      "qualifier": "GENCDB0",
      "name": "IENDOWMENT",
      "type": "IX",
      "uri": "IX/IENDOWMENT.sql"
    },
    {
      "qualifier": "GENCDB0",
      "name": "IHOUSE",
      "type": "IX",
      "uri": "IX/IHOUSE.sql"
    },
    {
      "qualifier": "GENCDB0",
      "name": "IMOTOR",
      "type": "IX",
      "uri": "IX/IMOTOR.sql"
    },
    {
      "qualifier": "GENCDB0",
      "name": "IPET",
      "type": "IX",
      "uri": "IX/IPET.sql"
    },
    {
      "qualifier": "GENCDB0",
      "name": "IPOLICY",
      "type": "IX",
      "uri": "IX/IPOLICY.sql"
    },
    {
      "qualifier": "GENCDB0",
      "name": "IPOLICY2",
      "type": "IX",
      "uri": "IX/IPOLICY2.sql"
    }
  ]
}
